{"success":true,"timestamp":1672674542,"source":"USD","quotes":{"USDAED":3.67265,"USDAFN":89.221279,"USDALL":106.958829,"USDAMD":393.605122,"USDANG":1.802397,"USDAOA":503.633101,"USDARS":178.102511,"USDAUD":1.46755,"USDAWG":1.8,"USDAZN":1.699085,"USDBAM":1.830693,"USDBBD":2.019273,"USDBDT":106.462486,"USDBGN":1.827254,"USDBHD":0.376987,"USDBIF":2072.850317,"USDBMD":1,"USDBND":1.34162,"USDBOB":6.910718,"USDBRL":5.340101,"USDBSD":1.000136,"USDBTC":0.000059796099,"USDBTN":82.78218,"USDBWP":12.756528,"USDBYN":2.524348,"USDBYR":19600,"USDBZD":2.015903,"USDCAD":1.35765,"USDCDF":2030.000273,"USDCHF":0.925605,"USDCLF":0.030741,"USDCLP":848.250229,"USDCNY":6.898602,"USDCOP":4848,"USDCRC":591.741509,"USDCUC":1,"USDCUP":26.5,"USDCVE":103.210075,"USDCZK":22.656703,"USDDJF":178.040071,"USDDKK":6.97353,"USDDOP":56.275302,"USDDZD":137.211015,"USDEGP":24.720797,"USDERN":15,"USDETB":53.604279,"USDEUR":0.93765,"USDFJD":2.216902,"USDFKP":0.826559,"USDGBP":0.829841,"USDGEL":2.70093,"USDGGP":0.826559,"USDGHS":9.990967,"USDGIP":0.826559,"USDGMD":61.949599,"USDGNF":8620.355593,"USDGTQ":7.848234,"USDGYD":209.237566,"USDHKD":7.80505,"USDHNL":24.678127,"USDHRK":7.042197,"USDHTG":148.014471,"USDHUF":377.121035,"USDIDR":15569.9,"USDILS":3.507903,"USDIMP":0.826559,"USDINR":82.581203,"USDIQD":1459.683345,"USDIRR":41850.000246,"USDISK":142.239808,"USDJEP":0.826559,"USDJMD":151.020026,"USDJOD":0.709901,"USDJPY":130.802964,"USDKES":123.409735,"USDKGS":85.679645,"USDKHR":4120.523993,"USDKMF":460.225028,"USDKPW":900,"USDKRW":1272.149892,"USDKWD":0.30595,"USDKYD":0.833431,"USDKZT":462.851767,"USDLAK":17346.668476,"USDLBP":1512.137819,"USDLKR":365.542831,"USDLRD":154.500246,"USDLSL":17.009865,"USDLTL":2.95274,"USDLVL":0.604891,"USDLYD":4.828358,"USDMAD":10.450084,"USDMDL":19.131843,"USDMGA":4466.193353,"USDMKD":57.672777,"USDMMK":2100.245897,"USDMNT":3448.185558,"USDMOP":8.039894,"USDMRO":356.999828,"USDMUR":43.989314,"USDMVR":15.401015,"USDMWK":1023.600769,"USDMXN":19.48263,"USDMYR":4.405012,"USDMZN":63.829955,"USDNAD":17.009664,"USDNGN":448.080108,"USDNIO":36.513144,"USDNOK":9.87282,"USDNPR":132.451899,"USDNZD":1.582279,"USDOMR":0.384918,"USDPAB":1.000136,"USDPEN":3.804353,"USDPGK":3.523988,"USDPHP":55.735505,"USDPKR":226.722297,"USDPLN":4.37724,"USDPYG":7364.406026,"USDQAR":3.64075,"USDRON":4.6197,"USDRSD":109.984998,"USDRUB":72.501559,"USDRWF":1068.717795,"USDSAR":3.758868,"USDSBD":8.278288,"USDSCR":12.815297,"USDSDG":571.499594,"USDSEK":10.454705,"USDSGD":1.3422,"USDSHP":1.377395,"USDSLE":18.855058,"USDSLL":18825.000148,"USDSOS":569.497487,"USDSRD":31.6225,"USDSTD":20697.981008,"USDSVC":8.750837,"USDSYP":2512.531208,"USDSZL":17.022993,"USDTHB":34.512497,"USDTJS":10.130996,"USDTMT":3.5,"USDTND":3.108503,"USDTOP":2.341801,"USDTRY":18.720504,"USDTTD":6.794839,"USDTWD":30.748994,"USDTZS":2334.000087,"USDUAH":36.755105,"USDUGX":3726.383084,"USDUYU":39.63851,"USDUZS":11247.918529,"USDVEF":1724101.29976,"USDVES":17.095802,"USDVND":23635,"USDVUV":117.236645,"USDWST":2.696122,"USDXAF":613.999354,"USDXAG":0.041736,"USDXAU":0.000548,"USDXCD":2.70255,"USDXDR":0.748735,"USDXOF":613.98786,"USDXPF":111.949724,"USDYER":250.317591,"USDZAR":16.991499,"USDZMK":9001.188769,"USDZMW":18.076763,"USDZWL":321.999592}}